{
	"format_version": "1.8.0",
	"animations": {
		"animation.maxblue.new": {
			"animation_length": 80.375,
			"bones": {
				"bone": {
					"rotation": {
						"vector": [0, 0, 0]
					},
					"position": {
						"vector": [0, 0, 0]
					},
					"scale": {
						"0.6667": {
							"vector": [1, 1, 1]
						},
						"0.8333": {
							"vector": [1.5, 1.5, 1.5]
						},
						"80.375": {
							"vector": [1.5, 1.5, 1.5]
						}
					}
				},
				"bone3": {
					"rotation": {
						"0.0": {
							"vector": [0, 0, 0]
						},
						"0.125": {
							"vector": [0, 0, 0]
						},
						"0.2917": {
							"vector": [-180, -27, -119]
						},
						"0.6667": {
							"vector": [-542.69021, 6.46479, 38.34804]
						},
						"80.375": {
							"vector": [-542.69, 6.46, 38.35]
						}
					},
					"position": {
						"0.0": {
							"vector": [0, 0, 0]
						},
						"0.125": {
							"vector": [-1, 0, 1]
						},
						"0.2917": {
							"vector": [1.4, 1.7, 1]
						},
						"0.5": {
							"vector": [3.1, 1.7, -0.1]
						},
						"0.6667": {
							"vector": [6.1, 1.7, -6.1]
						},
						"80.375": {
							"vector": [6.1, 1.7, -6.1]
						}
					},
					"scale": {
						"0.0": {
							"vector": [1, 1, 1]
						},
						"0.125": {
							"vector": [1, 1, 1]
						},
						"0.5": {
							"vector": [1, 1, 1]
						},
						"0.6667": {
							"vector": [0, 0, 0]
						},
						"80.375": {
							"vector": [0, 0, 0]
						}
					}
				},
				"bone2": {
					"rotation": {
						"0.0": {
							"vector": [0, 0, 0]
						},
						"0.125": {
							"vector": [0, 0, 0]
						},
						"0.2917": {
							"vector": [13.55287, -59.04787, 74.3003]
						},
						"0.6667": {
							"vector": [242.18999, -48.75997, 120.52886]
						},
						"80.375": {
							"vector": [242.19, -48.76, 120.53]
						}
					},
					"position": {
						"0.0": {
							"vector": [0, 0, 0]
						},
						"0.125": {
							"vector": [1, -1, 0]
						},
						"0.2917": {
							"vector": [1, -2, 2.2]
						},
						"0.5": {
							"vector": [-0.6, -2, 5.6]
						},
						"0.6667": {
							"vector": [-5.6, 3, 10.6]
						},
						"80.375": {
							"vector": [-5.6, 3, 10.6]
						}
					},
					"scale": {
						"0.0": {
							"vector": [1, 1, 1]
						},
						"0.125": {
							"vector": [1, 1, 1]
						},
						"0.5": {
							"vector": [1, 1, 1]
						},
						"0.6667": {
							"vector": [0, 0, 0]
						},
						"80.375": {
							"vector": [0, 0, 0]
						}
					}
				},
				"bone4": {
					"rotation": {
						"0.0": {
							"vector": [0, 0, 0]
						},
						"0.125": {
							"vector": [0, 0, 0]
						},
						"0.2917": {
							"vector": [-154.41561, -1.60667, -219.97314]
						},
						"0.6667": {
							"vector": [-215.96847, -9.65805, -394.53269]
						},
						"80.375": {
							"vector": [-215.97, -9.66, -394.53]
						}
					},
					"position": {
						"0.0": {
							"vector": [0, 0, 0]
						},
						"0.125": {
							"vector": [0, 0, -1]
						},
						"0.2917": {
							"vector": [2.9, 1.7, 1]
						},
						"0.5": {
							"vector": [4.2, 1.7, 1.9]
						},
						"0.6667": {
							"vector": [2.2, 1.7, 9.9]
						},
						"80.375": {
							"vector": [2.2, 1.7, 9.9]
						}
					},
					"scale": {
						"0.0": {
							"vector": [1, 1, 1]
						},
						"0.125": {
							"vector": [1, 1, 1]
						},
						"0.5": {
							"vector": [1, 1, 1]
						},
						"0.6667": {
							"vector": [0, 0, 0]
						},
						"80.375": {
							"vector": [0, 0, 0]
						}
					}
				},
				"bone5": {
					"rotation": {
						"0.0": {
							"vector": [0, 0, 0]
						},
						"0.125": {
							"vector": [0, 0, 0]
						},
						"0.2917": {
							"vector": [-210, 0, -217.5]
						},
						"0.6667": {
							"vector": [21.64743, -7.43547, -384.43569]
						},
						"80.375": {
							"vector": [21.65, -7.44, -384.44]
						}
					},
					"position": {
						"0.0": {
							"vector": [0, 0, 0]
						},
						"0.125": {
							"vector": [2, 0, 0]
						},
						"0.2917": {
							"vector": [-0.3, 3, 0.6]
						},
						"0.5": {
							"vector": [-2, 1.8, 1.7]
						},
						"0.6667": {
							"vector": [-9, -0.2, 0.7]
						},
						"80.375": {
							"vector": [-9, -0.2, 0.7]
						}
					},
					"scale": {
						"0.0": {
							"vector": [1, 1, 1]
						},
						"0.125": {
							"vector": [1, 1, 1]
						},
						"0.5": {
							"vector": [1, 1, 1]
						},
						"0.6667": {
							"vector": [0, 0, 0]
						},
						"80.375": {
							"vector": [0, 0, 0]
						}
					}
				},
				"bone6": {
					"rotation": {
						"0.0": {
							"vector": [0, 0, 0]
						},
						"0.125": {
							"vector": [0, 0, 0]
						},
						"0.2917": {
							"vector": [-191.11419, 49.93505, 187.97576]
						},
						"0.6667": {
							"vector": [-319.41489, 33.13686, 233.88753]
						},
						"80.375": {
							"vector": [-319.41, 33.14, 233.89]
						}
					},
					"position": {
						"0.0": {
							"vector": [0, 0, 0]
						},
						"0.125": {
							"vector": [-2, 0, 0]
						},
						"0.2917": {
							"vector": [-1.2, 0.6, 1.6]
						},
						"0.5": {
							"vector": [2.5, -0.2, -2.1]
						},
						"0.6667": {
							"vector": [9.5, -1.2, -1.1]
						},
						"80.375": {
							"vector": [9.5, -1.2, -1.1]
						}
					},
					"scale": {
						"0.0": {
							"vector": [1, 1, 1]
						},
						"0.125": {
							"vector": [1, 1, 1]
						},
						"0.5": {
							"vector": [1, 1, 1]
						},
						"0.6667": {
							"vector": [0, 0, 0]
						},
						"80.375": {
							"vector": [0, 0, 0]
						}
					}
				},
				"bone7": {
					"rotation": {
						"0.0": {
							"vector": [0, 0, 0]
						},
						"0.125": {
							"vector": [0, 0, 0]
						},
						"0.2917": {
							"vector": [86.81542, -6.79382, -214.81092]
						},
						"0.6667": {
							"vector": [-75.36487, 64.96473, -281.45691]
						},
						"80.375": {
							"vector": [-75.36, 64.96, -281.46]
						}
					},
					"position": {
						"0.0": {
							"vector": [0, 0, 0]
						},
						"0.125": {
							"vector": [0, 2, 0]
						},
						"0.2917": {
							"vector": [0, 1, 4]
						},
						"0.5": {
							"vector": [-0.1, -2.7, 2.9]
						},
						"0.6667": {
							"vector": [1.9, -6.7, 0.9]
						},
						"80.375": {
							"vector": [1.9, -6.7, 0.9]
						}
					},
					"scale": {
						"0.0": {
							"vector": [1, 1, 1]
						},
						"0.125": {
							"vector": [1, 1, 1]
						},
						"0.5": {
							"vector": [1, 1, 1]
						},
						"0.6667": {
							"vector": [0, 0, 0]
						},
						"80.375": {
							"vector": [0, 0, 0]
						}
					}
				},
				"bone8": {
					"rotation": {
						"0.0": {
							"vector": [0, 0, 0]
						},
						"0.125": {
							"vector": [0, 0, 0]
						},
						"0.2917": {
							"vector": [-152.5, 0, -155]
						},
						"0.6667": {
							"vector": [-366.1191, 21.69365, -261.17354]
						},
						"80.375": {
							"vector": [-366.12, 21.69, -261.17]
						}
					},
					"position": {
						"0.0": {
							"vector": [0, 0, 0]
						},
						"0.125": {
							"vector": [0, 0, 2]
						},
						"0.2917": {
							"vector": [3, 0, 1.3]
						},
						"0.5": {
							"vector": [4, -1.1, -1]
						},
						"0.6667": {
							"vector": [2, -1.1, -8]
						},
						"80.375": {
							"vector": [2, -1.1, -8]
						}
					},
					"scale": {
						"0.0": {
							"vector": [1, 1, 1]
						},
						"0.125": {
							"vector": [1, 1, 1]
						},
						"0.5": {
							"vector": [1, 1, 1]
						},
						"0.6667": {
							"vector": [0, 0, 0]
						},
						"80.375": {
							"vector": [0, 0, 0]
						}
					}
				}
			}
		}
	}
}