{
	"format_version": "1.8.0",
	"animations": {
		"animation.pandacurse.idle": {
			"loop": true,
			"animation_length": 2,
			"bones": {
				"body": {
					"rotation": {
						"0.0": {
							"vector": [5, 0, 0]
						},
						"2.0": {
							"vector": [5, 0, 0]
						}
					},
					"position": {
						"0.0": {
							"vector": [0, -1, 0]
						},
						"1.0": {
							"vector": [0, 0, 0]
						},
						"2.0": {
							"vector": [0, -1, 0]
						}
					}
				},
				"head": {
					"rotation": {
						"0.0": {
							"vector": [7.5, 0, 0]
						},
						"1.0": {
							"vector": [15, 0, 0]
						},
						"2.0": {
							"vector": [7.5, 0, 0]
						}
					}
				},
				"Mouth": {
					"rotation": {
						"0.0": {
							"vector": [0, 0, 0]
						},
						"1.0": {
							"vector": [20, 0, 0]
						},
						"2.0": {
							"vector": [0, 0, 0]
						}
					}
				},
				"RightLeg": {
					"rotation": {
						"0.0": {
							"vector": [-29.24769, 6.27967, 13.64973]
						},
						"2.0": {
							"vector": [-29.24769, 6.27967, 13.64973]
						}
					},
					"position": {
						"0.0": {
							"vector": [0, 1, 0]
						},
						"1.0": {
							"vector": [0, 1, 1]
						},
						"2.0": {
							"vector": [0, 1, 0]
						}
					}
				},
				"LowerRightLeg": {
					"rotation": {
						"vector": [24.22935, -11.92897, 1.50474]
					}
				},
				"RightArm": {
					"rotation": {
						"0.0": {
							"vector": [49.76256, -31.67619, -63.50264]
						},
						"1.0": {
							"vector": [53.05489, -23.84909, -70.54719]
						},
						"2.0": {
							"vector": [49.76256, -31.67619, -63.50264]
						}
					}
				},
				"LowerRightArm": {
					"rotation": {
						"0.0": {
							"vector": [-39.66734, -33.15653, -31.17044]
						},
						"1.0": {
							"vector": [-46.29021, -21.15663, -16.79931]
						},
						"2.0": {
							"vector": [-39.66734, -33.15653, -31.17044]
						}
					}
				},
				"righthand": {
					"rotation": {
						"vector": [5.84485, -11.06861, -28.06681]
					}
				},
				"LeftArm": {
					"rotation": {
						"0.0": {
							"vector": [49.76256, 31.67619, 63.50264]
						},
						"1.0": {
							"vector": [53.05489, 23.84909, 70.54719]
						},
						"2.0": {
							"vector": [49.76256, 31.67619, 63.50264]
						}
					}
				},
				"LowerLeftArm": {
					"rotation": {
						"0.0": {
							"vector": [-39.66734, 33.15653, 31.17044]
						},
						"1.0": {
							"vector": [-46.29021, 21.15663, 16.79931]
						},
						"2.0": {
							"vector": [-39.66734, 33.15653, 31.17044]
						}
					}
				},
				"lefthand": {
					"rotation": {
						"vector": [5.84485, 11.06861, 28.06681]
					}
				},
				"LeftLeg": {
					"rotation": {
						"0.0": {
							"vector": [-29.24769, -6.27967, -13.64973]
						},
						"2.0": {
							"vector": [-29.24769, -6.27967, -13.64973]
						}
					},
					"position": {
						"0.0": {
							"vector": [0, 1, 0]
						},
						"1.0": {
							"vector": [0, 1, 1]
						},
						"2.0": {
							"vector": [0, 1, 0]
						}
					}
				},
				"LowerLeftLeg": {
					"rotation": {
						"vector": [24.22935, 11.92897, -1.50474]
					}
				}
			}
		},
		"animation.pandacurse.walking": {
			"loop": true,
			"animation_length": 1.58333,
			"bones": {
				"body": {
					"position": {
						"0.0": {
							"vector": [0, 0, 0]
						},
						"0.4167": {
							"vector": [0, -2, 0]
						},
						"0.7917": {
							"vector": [0, 0, 0]
						},
						"1.1667": {
							"vector": [0, -2, 0]
						},
						"1.5833": {
							"vector": [0, 0, 0]
						}
					}
				},
				"head": {
					"rotation": {
						"0.0": {
							"vector": [0, 0, 0]
						},
						"0.4167": {
							"vector": [5, 0, 0]
						},
						"0.7917": {
							"vector": [0, 0, 0]
						},
						"1.1667": {
							"vector": [5, 0, 0]
						},
						"1.5833": {
							"vector": [0, 0, 0]
						}
					}
				},
				"Mouth": {
					"rotation": {
						"0.0": {
							"vector": [0, 0, 0]
						},
						"0.4167": {
							"vector": [7.5, 0, 0]
						},
						"0.7917": {
							"vector": [0, 0, 0]
						},
						"1.1667": {
							"vector": [7.5, 0, 0]
						},
						"1.5833": {
							"vector": [0, 0, 0]
						}
					}
				},
				"RightLeg": {
					"rotation": {
						"0.0": {
							"vector": [0, 0, 0]
						},
						"0.4167": {
							"vector": [22.5, 0, 0]
						},
						"0.7917": {
							"vector": [0, 0, 0]
						},
						"1.1667": {
							"vector": [-45, 0, 0]
						},
						"1.5833": {
							"vector": [0, 0, 0]
						}
					}
				},
				"LowerRightLeg": {
					"rotation": {
						"0.0": {
							"vector": [0, 0, 0]
						},
						"0.4167": {
							"vector": [45, 0, 0]
						},
						"0.7917": {
							"vector": [0, 0, 0]
						},
						"1.1667": {
							"vector": [22.5, 0, 0]
						},
						"1.5833": {
							"vector": [0, 0, 0]
						}
					}
				},
				"RightArm": {
					"rotation": {
						"0.0": {
							"vector": [90, -22.5, -90]
						},
						"0.4167": {
							"vector": [45, -22.5, -90]
						},
						"0.7917": {
							"vector": [90, -22.5, -90]
						},
						"1.1667": {
							"vector": [125, -22.5, -90]
						},
						"1.5833": {
							"vector": [90, -22.5, -90]
						}
					}
				},
				"LowerRightArm": {
					"rotation": {
						"0.0": {
							"vector": [0, 0, -22.5]
						},
						"0.4167": {
							"vector": [-20, 0, -22.5]
						},
						"0.7917": {
							"vector": [0, 0, -22.5]
						},
						"1.1667": {
							"vector": [-18.61761, 5.70061, -9.24881]
						},
						"1.5833": {
							"vector": [0, 0, -22.5]
						}
					}
				},
				"righthand": {
					"rotation": {
						"0.0": {
							"vector": [0, 0, -15]
						},
						"0.4167": {
							"vector": [0, 0, -35]
						},
						"0.7917": {
							"vector": [0, 0, -15]
						},
						"1.1667": {
							"vector": [0, 0, -30]
						},
						"1.5833": {
							"vector": [0, 0, -15]
						}
					}
				},
				"LeftArm": {
					"rotation": {
						"0.0": {
							"vector": [90, 22.5, 90]
						},
						"0.4167": {
							"vector": [125, 22.5, 90]
						},
						"0.7917": {
							"vector": [90, 22.5, 90]
						},
						"1.1667": {
							"vector": [45, 22.5, 90]
						},
						"1.5833": {
							"vector": [90, 22.5, 90]
						}
					}
				},
				"LowerLeftArm": {
					"rotation": {
						"0.0": {
							"vector": [0, 0, 22.5]
						},
						"0.4167": {
							"vector": [-18.61761, -5.70061, 9.24881]
						},
						"0.7917": {
							"vector": [0, 0, 22.5]
						},
						"1.1667": {
							"vector": [-20, 0, 22.5]
						},
						"1.5833": {
							"vector": [0, 0, 22.5]
						}
					}
				},
				"lefthand": {
					"rotation": {
						"0.0": {
							"vector": [0, 0, 15]
						},
						"0.4167": {
							"vector": [0, 0, 30]
						},
						"0.7917": {
							"vector": [0, 0, 15]
						},
						"1.1667": {
							"vector": [0, 0, 35]
						},
						"1.5833": {
							"vector": [0, 0, 15]
						}
					}
				},
				"LeftLeg": {
					"rotation": {
						"0.0": {
							"vector": [0, 0, 0]
						},
						"0.4167": {
							"vector": [-45, 0, 0]
						},
						"0.7917": {
							"vector": [0, 0, 0]
						},
						"1.1667": {
							"vector": [22.5, 0, 0]
						},
						"1.5833": {
							"vector": [0, 0, 0]
						}
					}
				},
				"LowerLeftLeg": {
					"rotation": {
						"0.0": {
							"vector": [0, 0, 0]
						},
						"0.4167": {
							"vector": [22.5, 0, 0]
						},
						"0.7917": {
							"vector": [0, 0, 0]
						},
						"1.1667": {
							"vector": [45, 0, 0]
						},
						"1.5833": {
							"vector": [0, 0, 0]
						}
					}
				}
			}
		},
		"animation.pandacurse.attack": {
			"animation_length": 1,
			"bones": {
				"body": {
					"rotation": {
						"0.0": {
							"vector": [5, 0, 0]
						},
						"0.2917": {
							"vector": [-7.5, 25, 0]
						},
						"0.4583": {
							"vector": [14.1564, -46.58069, -1.263]
						},
						"0.5": {
							"vector": [17.5911, -56.20548, -5.642]
						},
						"0.5833": {
							"vector": [14.1564, -46.58069, -1.263]
						},