{
	"format_version": "1.8.0",
	"animations": {
		"boggiewoggie": {
			"animation_length": 0.58333,
			"bones": {
				"right_arm": {
					"rotation": {
						"0.0": {
							"vector": [-82.47765, -2.21738, -1.15495]
						},
						"0.0833": {
							"vector": [-81.1336, -31.92664, -5.57818]
						},
						"0.3333": {
							"vector": [0, 0, 0]
						}
					}
				},
				"left_arm": {
					"rotation": {
						"0.0": {
							"vector": [-85, 0, 0]
						},
						"0.0833": {
							"vector": [-84.07764, 32.36121, 3.17805]
						},
						"0.3333": {
							"vector": [0, 0, 0]
						}
					}
				}
			}
		}
	}
}