{
	"format_version": "1.8.0",
	"animations": {
		"dismantle2": {
			"animation_length": 0.29167,
			"bones": {
				"right_arm": {
					"rotation": {
						"0.0": {
							"vector": [-85.02357, -64.9491, 47.82383]
						},
						"0.125": {
							"vector": [-85.03542, 64.88533, 56.83142]
						},
						"0.2083": {
							"vector": [-85.03542, 64.88533, 56.83142]
						}
					}
				}
			}
		}
	}
}