{
	"format_version": "1.8.0",
	"animations": {
		"dismantle1": {
			"animation_length": 0.20833,
			"bones": {
				"right_arm": {
					"rotation": {
						"0.0": {
							"vector": [-68.94698, -68.69404, -19.72874]
						},
						"0.125": {
							"vector": [-78.42505, 49.41933, 8.84179]
						},
						"0.1667": {
							"vector": [-78.97295, 46.96776, 8.10692]
						}
					}
				}
			}
		}
	},
	"geckolib_format_version": 2
}