{
	"format_version": "1.8.0",
	"animations": {
		"firearrowstart": {
			"animation_length": 4.16667,
			"bones": {
				"right_arm": {
					"rotation": {
						"0.0": {
							"vector": [0, 0, 0]
						},
						"1.125": {
							"vector": [-92.62116, -17.48281, 0.78795]
						},
						"2.0833": {
							"vector": [-70.12, -17.48, 0.79]
						},
						"3.125": {
							"vector": [-85.12, -17.48, 0.79]
						}
					},
					"position": {
						"0.0": {
							"vector": [0, 0, 0]
						},
						"1.125": {
							"vector": [2, -3, 0]
						},
						"2.0833": {
							"vector": [2, -3, 0]
						},
						"3.125": {
							"vector": [2, -3, 0]
						},
						"3.7083": {
							"vector": [2, -2.07, -4.12]
						}
					}
				},
				"left_arm": {
					"rotation": {
						"0.0": {
							"vector": [0, 0, 0]
						},
						"1.125": {
							"vector": [-90, 22.5, 0]
						},
						"2.0833": {
							"vector": [-110, 22.5, 0]
						},
						"3.125": {
							"vector": [-82.5, 22.5, 0]
						},
						"3.75": {
							"vector": [-82.35509, 24.97821, 0.35987]
						}
					},
					"position": {
						"0.0": {
							"vector": [0, 0, 0]
						},
						"1.125": {
							"vector": [-2, -1, 0]
						},
						"2.0833": {
							"vector": [-2, 0, 0]
						},
						"3.125": {
							"vector": [-2, 0, 0]
						},
						"3.75": {
							"vector": [0.2, -1.6, 3.2]
						}
					}
				}
			}
		}
	}
}