{
	"format_version": "1.8.0",
	"animations": {
		"fugaa": {
			"animation_length": 4.25,
			"bones": {
				"Head": {
					"rotation": {
						"0.0": {
							"vector": [0, 3.5, 0]
						},
						"0.875": {
							"vector": [0, 6, 0]
						},
						"1.6667": {
							"vector": [0, 3.5, 0]
						},
						"2.0417": {
							"vector": [12.72053, -11.31959, -1.65101]
						},
						"2.5833": {
							"vector": [17.72053, -11.31959, -1.65101]
						},
						"2.9583": {
							"vector": [2.67354, -3.82788, -1.29524]
						}
					},
					"position": {
						"vector": [0, 0, 0]
					},
					"scale": {
						"vector": [1, 1, 1]
					}
				},
				"Body": {
					"rotation": {
						"0.0": {
							"vector": [0, 20, 0]
						},
						"0.875": {
							"vector": [0, 22.5, 0]
						},
						"1.6667": {
							"vector": [0, 20, 0]
						},
						"2.0417": {
							"vector": [0, -10, 0]
						},
						"2.5833": {
							"vector": [0, -7.5, 0]
						},
						"3.1667": {
							"vector": [0, 22.5, 0]
						}
					},
					"position": {
						"vector": [0, 0, 0]
					},
					"scale": {
						"vector": [1, 1, 1]
					}
				},
				"RightArm": {
					"rotation": {
						"0.0": {
							"vector": [0, 15, 0]
						},
						"0.4167": {
							"vector": [3.38085, 22.76352, 8.68077]
						},
						"0.875": {
							"vector": [2.32942, 22.88634, 5.97134]
						},
						"1.6667": {
							"vector": [3.38, 22.76, 8.68]
						},
						"2.0417": {
							"vector": [-96.97516, -9.64652, 8.16008]
						},
						"2.4167": {
							"vector": [-61.97394, -25.29844, -0.07993],
							"easing": "easeInQuad"
						},
						"2.5833": {
							"vector": [-60.72555, -29.68715, -2.78183]
						},
						"2.9583": {
							"vector": [-68.22555, -29.68715, -2.78183]
						},
						"3.1667": {
							"vector": [-75.35166, -16.58155, 2.59097]
						}
					},
					"position": {
						"0.0": {
							"vector": [0, 0, 1.7]
						},
						"1.6667": {
							"vector": [0, 0, 1.7]
						},
						"2.4167": {
							"vector": [0, 0, 0.7],
							"easing": "easeInQuad"
						},
						"3.1667": {
							"vector": [0, 0, 2.7]
						},
						"3.3333": {
							"vector": [0, 0, 4.7]
						}
					},
					"scale": {
						"vector": [1, 1, 1]
					}
				},
				"LeftArm": {
					"rotation": {
						"0.0": {
							"vector": [0, 10, 0]
						},
						"0.4167": {
							"vector": [-27, 10, 0]
						},
						"0.8333": {
							"vector": [-68.11217, 41.01307, 43.21054]
						},
						"1.6667": {
							"vector": [-1.37, 15.42, -37.46]
						},
						"2.0417": {
							"vector": [-52.11029, -27.85458, 9.10576]
						},
						"2.4167": {
							"vector": [-56.95972, 5.19757, 32.45868],
							"easing": "easeInQuad"
						},
						"2.5833": {
							"vector": [-56.81025, 7.29161, 33.83256]
						},
						"2.9583": {
							"vector": [-75.64732, 17.75681, 16.34242]
						},
						"3.1667": {
							"vector": [-75.79614, 15.81858, 15.82723]
						},
						"3.625": {
							"vector": [-75.8, 15.82, 15.83]
						},
						"3.75": {
							"vector": [-76.19233, 8.54225, 13.97454]
						},
						"4.2083": {
							"vector": [-76.19233, 8.54225, 13.97454]
						}
					},
					"position": {
						"1.6667": {
							"vector": [0, 0, 0]
						},
						"3.625": {
							"vector": [0, 0, 0]
						}
					},
					"scale": {
						"1.6667": {
							"vector": [1, 1, 1]
						},
						"3.625": {
							"vector": [1, 1, 1]
						}
					}
				},
				"RightLeg": {
					"rotation": {
						"0.0": {
							"vector": [0, 33, 0]
						},
						"0.875": {
							"vector": [-0.03818, 27.4996, -2.45547]
						},
						"1.3333": {
							"vector": [0, 33, 0]
						},
						"1.7083": {
							"vector": [0, 15.5, 0]
						},
						"2.0833": {
							"vector": [0, 8, 0],
							"easing": "easeInQuad"
						},
						"2.375": {
							"vector": [0, 5.5, 0]
						},
						"2.625": {
							"vector": [0, 3, 0]
						},
						"2.8333": {
							"vector": [0, 30.5, 0]
						}
					},
					"position": {
						"1.3333": {
							"vector": [0, 0, 0]
						},
						"2.8333": {
							"vector": [0, 0, 1.4]
						}
					},
					"scale": {
						"vector": [1, 1, 1]
					}
				},
				"LeftLeg": {
					"rotation": {
						"0.0": {
							"vector": [0, 4, 0]
						},
						"0.875": {
							"vector": [0, 1.5, 0]
						},
						"1.3333": {
							"vector": [0, 4, 0]
						},
						"2.375": {
							"vector": [-0.17476, 3.99619, -2.5061]
						},
						"2.625": {
							"vector": [-0.17546, 6.49618, -2.51377]
						},
						"2.8333": {
							"vector": [-0.18182, 16.49613, -2.54555]
						}
					},
					"position": {
						"vector": [0, 0, 0]
					},
					"scale": {
						"vector": [1, 1, 1]
					}
				}
			}
		}
	}
}