{
	"format_version": "1.8.0",
	"animations": {
		"hollowpurplehu": {
			"animation_length": 2.54167,
			"bones": {
				"body": {
					"position": {
						"0.0": {
							"vector": [0, 0, 0]
						},
						"2.2917": {
							"vector": [0, 0, 0]
						},
						"2.3333": {
							"vector": [0, 0, 0.6]
						},
						"2.4583": {
							"vector": [0, 0, 0]
						}
					}
				},
				"right_arm": {
					"rotation": {
						"0.0": {
							"vector": [-92.96346, 32.46527, -1.59176]
						},
						"1.9583": {
							"vector": [-92.70569, -22.47741, 1.03509]
						},
						"2.0833": {
							"vector": [-92.50238, -2.49762, 0.10912]
						},
						"2.2083": {
							"vector": [-92.50238, -2.49762, 0.10912]
						},
						"2.2917": {
							"vector": [-92.50954, 4.99523, -0.21865]
						},
						"2.4583": {
							"vector": [0, 0, 0]
						}
					},
					"position": {
						"0.0": {
							"vector": [0, 0, 0]
						},
						"2.2917": {
							"vector": [0, 0, 1]
						},
						"2.3333": {
							"vector": [0, 0, 1.8]
						},
						"2.4583": {
							"vector": [0, 0, 0]
						}
					}
				},
				"left_arm": {
					"rotation": {
						"0.0": {
							"vector": [-84.6809, -19.92066, -1.81693]
						},
						"1.9583": {
							"vector": [-91.73137, 29.8742, 2.88066]
						},
						"2.0833": {
							"vector": [-92.2167, 47.36413, 2.11211]
						},
						"2.2083": {
							"vector": [-92.2167, 47.36413, 2.11211]
						},
						"2.2917": {
							"vector": [-92.11838, 44.86592, 2.2485]
						},
						"2.4583": {
							"vector": [0, 0, 0]
						}
					},
					"position": {
						"0.0": {
							"vector": [0, 0, 0]
						},
						"2.2917": {
							"vector": [0, 0, 1]
						},
						"2.3333": {
							"vector": [0, 0, 1.5]
						},
						"2.4583": {
							"vector": [0, 0, 0]
						}
					}
				}
			}
		}
	}
}