{
	"format_version": "1.8.0",
	"animations": {
		"mavshirine": {
			"animation_length": 1.91667,
			"bones": {
				"head": {
					"rotation": {
						"0.0": {
							"vector": [0, 0, 0]
						},
						"0.5": {
							"vector": [5, 0, 0]
						},
						"0.7083": {
							"vector": [5, 0, 0]
						},
						"1.1667": {
							"vector": [0, 0, 0]
						},
						"1.375": {
							"vector": [0, 0, 0]
						},
						"1.5833": {
							"vector": [0, 0, 0]
						},
						"1.8333": {
							"vector": [0, 0, 0]
						}
					},
					"position": {
						"0.0": {
							"vector": [0, 0, 0]
						},
						"1.5833": {
							"vector": [0, 0, 0]
						},
						"1.8333": {
							"vector": [0, 0, 0]
						}
					},
					"scale": {
						"0.0": {
							"vector": [1, 1, 1]
						},
						"1.5833": {
							"vector": [1, 1, 1]
						},
						"1.8333": {
							"vector": [1, 1, 1]
						}
					}
				},
				"right_arm": {
					"rotation": {
						"0.0": {
							"vector": [0, 0, 0]
						},
						"0.5": {
							"vector": [-123.44564, -22.10588, 14.99671]
						},
						"0.7083": {
							"vector": [-123.44564, -22.10588, 14.99671]
						},
						"1.1667": {
							"vector": [-123.67488, -22.9392, 15.59517]
						},
						"1.375": {
							"vector": [-123.67488, -22.9392, 15.59517]
						},
						"1.5833": {
							"vector": [-123.67488, -22.9392, 15.59517]
						},
						"1.8333": {
							"vector": [0, 0, 0]
						}
					},
					"position": {
						"0.0": {
							"vector": [0, 0, 0]
						},
						"0.5": {
							"vector": [0, -4.4, 0]
						},
						"0.7083": {
							"vector": [0, -4.4, 0]
						},
						"1.5833": {
							"vector": [0, -4.4, 0]
						},
						"1.8333": {
							"vector": [0, 0, 0]
						}
					},
					"scale": {
						"0.0": {
							"vector": [1, 1, 1]
						},
						"1.5833": {
							"vector": [1, 1, 1]
						},
						"1.8333": {
							"vector": [1, 1, 1]
						}
					}
				},
				"left_arm": {
					"rotation": {
						"0.0": {
							"vector": [0, 0, 0]
						},
						"0.5": {
							"vector": [-128.28761, 22.22485, -16.62484]
						},
						"0.7083": {
							"vector": [-128.28761, 22.22485, -16.62484]
						},
						"1.1667": {
							"vector": [-127.54648, 23.00837, -17.29798]
						},
						"1.375": {
							"vector": [-127.54648, 23.00837, -17.29798]
						},
						"1.5833": {
							"vector": [-127.54648, 23.00837, -17.29798]
						},
						"1.8333": {
							"vector": [0, 0, 0]
						}
					},
					"position": {
						"0.0": {
							"vector": [0, 0, 0]
						},
						"0.5": {
							"vector": [0, -5.2, 0]
						},
						"0.7083": {
							"vector": [0, -5.2, 0]
						},
						"1.5833": {
							"vector": [0, -5.2, 0]
						},
						"1.8333": {
							"vector": [0, 0, 0]
						}
					},
					"scale": {
						"0.0": {
							"vector": [1, 1, 1]
						},
						"1.5833": {
							"vector": [1, 1, 1]
						},
						"1.8333": {
							"vector": [1, 1, 1]
						}
					}
				}
			}
		}
	}
}