{
	"format_version": "1.8.0",
	"animations": {
		"missllefists": {
			"animation_length": 0.66667,
			"bones": {
				"right_arm": {
					"rotation": {
						"0.0": {
							"vector": [-87.5, 0, 0]
						},
						"0.0833": {
							"vector": [-87.5, 0, 0]
						},
						"0.125": {
							"vector": [-85.00948, 59.90568, 4.32055]
						},
						"0.2083": {
							"vector": [-85.00948, 59.90568, 4.32055]
						},
						"0.375": {
							"vector": [0, 0, 0]
						}
					}
				},
				"left_arm": {
					"rotation": {
						"0.0": {
							"vector": [-79.27121, 62.08407, 9.50457]
						},
						"0.0833": {
							"vector": [-79.27121, 62.08407, 9.50457]
						},
						"0.2083": {
							"vector": [-79.27121, 62.08407, 9.50457]
						},
						"0.375": {
							"vector": [0, 0, 0]
						}
					},
					"position": {
						"0.0": {
							"vector": [0, 0, 0]
						},
						"0.0833": {
							"vector": [0, 0, 0]
						},
						"0.125": {
							"vector": [0, 0, 1]
						}
					}
				}
			}
		}
	},
	"geckolib_format_version": 2
}