{
	"format_version": "1.8.0",
	"animations": {
		"piercingblood": {
			"animation_length": 6.45833,
			"bones": {
				"right_arm": {
					"rotation": {
						"0.0": {
							"vector": [0, 0, 0]
						},
						"0.4583": {
							"vector": [-78.35133, -20.70481, -9.00717]
						},
						"0.7917": {
							"vector": [-85.85133, -20.70481, -9.00717]
						},
						"1.875": {
							"vector": [-85.85133, -20.70481, -9.00717]
						},
						"1.9583": {
							"vector": [-90.85133, -20.70481, -9.00717]
						},
						"2.0": {
							"vector": [-85.85133, -20.70481, -9.00717]
						},
						"2.9583": {
							"vector": [-85.85133, -20.70481, -9.00717]
						},
						"3.0": {
							"vector": [-90.85133, -20.70481, -9.00717]
						},
						"3.0417": {
							"vector": [-85.85133, -20.70481, -9.00717]
						},
						"3.9167": {
							"vector": [-85.85133, -20.70481, -9.00717]
						},
						"4.0": {
							"vector": [-90.85133, -20.70481, -9.00717]
						},
						"4.0417": {
							"vector": [-85.85133, -20.70481, -9.00717]
						},
						"4.9583": {
							"vector": [-85.85133, -20.70481, -9.00717]
						},
						"5.0": {
							"vector": [-90.85133, -20.70481, -9.00717]
						},
						"5.0417": {
							"vector": [-85.85133, -20.70481, -9.00717]
						},
						"6.0": {
							"vector": [-85.85133, -20.70481, -9.00717]
						},
						"6.0417": {
							"vector": [-90.85133, -20.70481, -9.00717]
						},
						"6.0833": {
							"vector": [-85.85133, -20.70481, -9.00717]
						},
						"6.3333": {
							"vector": [0, 0, 0]
						}
					}
				},
				"left_arm": {
					"rotation": {
						"0.0": {
							"vector": [0, 0, 0]
						},
						"0.4583": {
							"vector": [-81.88997, 22.29711, 3.09472]
						},
						"0.7917": {
							"vector": [-89.38997, 22.29711, 3.09472]
						},
						"1.875": {
							"vector": [-89.38997, 22.29711, 3.09472]
						},
						"1.9583": {
							"vector": [-94.38997, 22.29711, 3.09472]
						},
						"2.0": {
							"vector": [-89.38997, 22.29711, 3.09472]
						},
						"2.9583": {
							"vector": [-89.38997, 22.29711, 3.09472]
						},
						"3.0": {
							"vector": [-94.38997, 22.29711, 3.09472]
						},
						"3.0417": {
							"vector": [-89.38997, 22.29711, 3.09472]
						},
						"3.9167": {
							"vector": [-89.38997, 22.29711, 3.09472]
						},
						"4.0": {
							"vector": [-94.38997, 22.29711, 3.09472]
						},
						"4.0417": {
							"vector": [-89.38997, 22.29711, 3.09472]
						},
						"4.9583": {
							"vector": [-89.38997, 22.29711, 3.09472]
						},
						"5.0": {
							"vector": [-94.38997, 22.29711, 3.09472]
						},
						"5.0417": {
							"vector": [-89.38997, 22.29711, 3.09472]
						},
						"6.0": {
							"vector": [-89.38997, 22.29711, 3.09472]
						},
						"6.0417": {
							"vector": [-94.38997, 22.29711, 3.09472]
						},
						"6.0833": {
							"vector": [-89.38997, 22.29711, 3.09472]
						},
						"6.3333": {
							"vector": [0, 0, 0]
						}
					}
				}
			}
		}
	}
}