{
	"format_version": "1.8.0",
	"animations": {
		"ryu": {
			"animation_length": 0.5,
			"bones": {
				"head": {
					"rotation": {
						"0.0": {
							"vector": [22.5, 0, 0]
						},
						"0.125": {
							"vector": [-5, 0, 0]
						},
						"0.2917": {
							"vector": [-7.5, 0, 0]
						},
						"0.4583": {
							"vector": [0, 0, 0]
						}
					}
				},
				"right_arm": {
					"rotation": {
						"0.0": {
							"vector": [-115.68919, -26.06465, 24.23178]
						},
						"0.125": {
							"vector": [-159.58241, 53.65732, -60.03134]
						},
						"0.2917": {
							"vector": [-151.5892, 59.4727, -50.27634]
						},
						"0.4583": {
							"vector": [0, 0, 0]
						}
					}
				},
				"left_arm": {
					"rotation": {
						"0.0": {
							"vector": [-98.49806, 44.13603, 9.85108]
						},
						"0.125": {
							"vector": [-136.21512, -60.65321, 34.05394]
						},
						"0.2917": {
							"vector": [-116.10778, -62.55988, 10.77478]
						},
						"0.4583": {
							"vector": [0, 0, 0]
						}
					}
				}
			}
		}
	}
}