{
	"format_version": "1.8.0",
	"animations": {
		"soundamplification": {
			"animation_length": 0.45833,
			"bones": {
				"right_arm": {
					"rotation": {
						"0.0": {
							"vector": [-80.22381, 29.84747, -51.58449]
						},
						"0.25": {
							"vector": [-80.22, 29.85, -51.58]
						},
						"0.4583": {
							"vector": [0, 0, 0]
						}
					},
					"position": {
						"0.25": {
							"vector": [0, 0, 0]
						},
						"0.4583": {
							"vector": [0, 0, 0]
						}
					},
					"scale": {
						"0.25": {
							"vector": [1, 1, 1]
						},
						"0.4583": {
							"vector": [1, 1, 1]
						}
					}
				},
				"left_arm": {
					"rotation": {
						"0.0": {
							"vector": [-125.10451, 20.88127, -14.06573]
						},
						"0.0833": {
							"vector": [-22.89875, 8.42145, -5.41207]
						},
						"0.2083": {
							"vector": [-22.89875, 8.42145, -5.41207]
						},
						"0.25": {
							"vector": [-22.9, 8.42, -5.41]
						},
						"0.4583": {
							"vector": [0, 0, 0]
						}
					},
					"position": {
						"0.25": {
							"vector": [0, 0, 0]
						},
						"0.4583": {
							"vector": [0, 0, 0]
						}
					},
					"scale": {
						"0.25": {
							"vector": [1, 1, 1]
						},
						"0.4583": {
							"vector": [1, 1, 1]
						}
					}
				}
			}
		}
	}
}